location,location_name
0,AL - Autauga County
1,AL - Baldwin County
2,AL - Barbour County
3,AL - Bibb County
4,AL - Blount County
5,AL - Bullock County
6,AL - Butler County
7,AL - Calhoun County
8,AL - Chambers County
9,AL - Cherokee County
10,AL - Chilton County
11,AL - Choctaw County
12,AL - Clarke County
13,AL - Clay County
14,AL - Cleburne County
15,AL - Coffee County
16,AL - Colbert County
17,AL - Conecuh County
18,AL - Coosa County
19,AL - Covington County
20,AL - Crenshaw County
21,AL - Cullman County
22,AL - Dale County
23,AL - Dallas County
24,AL - DeKalb County
25,AL - Elmore County
26,AL - Escambia County
27,AL - Etowah County
28,AL - Fayette County
29,AL - Franklin County
30,AL - Geneva County
31,AL - Greene County
32,AL - Hale County
33,AL - Henry County
34,AL - Houston County
35,AL - Jackson County
36,AL - Jefferson County
37,AL - Lamar County
38,AL - Lauderdale County
39,AL - Lawrence County
40,AL - Lee County
41,AL - Limestone County
42,AL - Lowndes County
43,AL - Macon County
44,AL - Madison County
45,AL - Marengo County
46,AL - Marion County
47,AL - Marshall County
48,AL - Mobile County
49,AL - Monroe County
50,AL - Montgomery County
51,AL - Morgan County
52,AL - Perry County
53,AL - Pickens County
54,AL - Pike County
55,AL - Randolph County
56,AL - Russell County
57,AL - Saint Clair County
58,AL - Shelby County
59,AL - Sumter County
60,AL - Talladega County
61,AL - Tallapoosa County
62,AL - Tuscaloosa County
63,AL - Walker County
64,AL - Washington County
65,AL - Wilcox County
66,AL - Winston County
67,AK - Anchorage Municipality
68,AK - Bethel Census Area
69,AK - Bristol Bay Borough
70,AK - Fairbanks North Star Borough
71,AK - Haines Borough
72,AK - Juneau City and Borough
73,AK - Kenai Peninsula Borough
74,AK - Kodiak Island Borough
75,AK - Matanuska-Susitna Borough
76,AK - Nome Census Area
77,AK - North Slope Borough
78,AK - Sitka City and Borough
79,AK - Southeast Fairbanks Census Area
80,"AK - Chugach Census Area,AK - Copper River Census Area,AK - Valdez-Cordova Census Area"
81,"AK - Kusilvak Census Area,AK - Wade Hampton Census Area"
82,"AK - Kobuk Census Area,AK - Northwest Arctic Borough"
83,"AK - Aleutian Islands Census Area,AK - Aleutians East Borough,AK - Aleutians West Census Area"
84,"AK - Dillingham Census Area,AK - Lake and Peninsula Borough"
85,"AK - Denali Borough,AK - Yukon-Koyukuk Census Area"
86,"AK - Hoonah-Angoon Census Area,AK - Skagway Municipality,AK - Skagway-Yakutat-Angoon Census Area,AK - Skagway-Hoonah-Angoon Census Area,AK - Yakutat City and Borough"
87,"AK - Ketchikan Gateway Borough,AK - Petersburg Borough,AK - Prince of Wales-Hyder Census Area,AK - Prince of Wales-Outer Ketchikan Census Area,AK - Wrangell City and Borough,AK - Wrangell-Petersburg Census Area"
88,AZ - Apache County
89,AZ - Cochise County
90,AZ - Coconino County
91,AZ - Gila County
92,AZ - Graham County
93,AZ - Greenlee County
94,AZ - Maricopa County
95,AZ - Mohave County
96,AZ - Navajo County
97,AZ - Pima County
98,AZ - Pinal County
99,AZ - Santa Cruz County
100,AZ - Yavapai County
101,"AZ - La Paz County,AZ - Yuma County"
102,AR - Arkansas County
103,AR - Ashley County
104,AR - Baxter County
105,AR - Benton County
106,AR - Boone County
107,AR - Bradley County
108,AR - Calhoun County
109,AR - Carroll County
110,AR - Chicot County
111,AR - Clark County
112,AR - Clay County
113,AR - Cleburne County
114,AR - Cleveland County
115,AR - Columbia County
116,AR - Conway County
117,AR - Craighead County
118,AR - Crawford County
119,AR - Crittenden County
120,AR - Cross County
121,AR - Dallas County
122,AR - Desha County
123,AR - Drew County
124,AR - Faulkner County
125,AR - Franklin County
126,AR - Fulton County
127,AR - Garland County
128,AR - Grant County
129,AR - Greene County
130,AR - Hempstead County
131,AR - Hot Spring County
132,AR - Howard County
133,AR - Independence County
134,AR - Izard County
135,AR - Jackson County
136,AR - Jefferson County
137,AR - Johnson County
138,AR - Lafayette County
139,AR - Lawrence County
140,AR - Lee County
141,AR - Lincoln County
142,AR - Little River County
143,AR - Logan County
144,AR - Lonoke County
145,AR - Madison County
146,AR - Marion County
147,AR - Miller County
148,AR - Mississippi County
149,AR - Monroe County
150,AR - Montgomery County
151,AR - Nevada County
152,AR - Newton County
153,AR - Ouachita County
154,AR - Perry County
155,AR - Phillips County
156,AR - Pike County
157,AR - Poinsett County
158,AR - Polk County
159,AR - Pope County
160,AR - Prairie County
161,AR - Pulaski County
162,AR - Randolph County
163,AR - Saint Francis County
164,AR - Saline County
165,AR - Scott County
166,AR - Searcy County
167,AR - Sebastian County
168,AR - Sevier County
169,AR - Sharp County
170,AR - Stone County
171,AR - Union County
172,AR - Van Buren County
173,AR - Washington County
174,AR - White County
175,AR - Woodruff County
176,AR - Yell County
177,CA - Alameda County
178,CA - Alpine County
179,CA - Amador County
180,CA - Butte County
181,CA - Calaveras County
182,CA - Colusa County
183,CA - Contra Costa County
184,CA - Del Norte County
185,CA - El Dorado County
186,CA - Fresno County
187,CA - Glenn County
188,CA - Humboldt County
189,CA - Imperial County
190,CA - Inyo County
191,CA - Kern County
192,CA - Kings County
193,CA - Lake County
194,CA - Lassen County
195,CA - Los Angeles County
196,CA - Madera County
197,CA - Marin County
198,CA - Mariposa County
199,CA - Mendocino County
200,CA - Merced County
201,CA - Modoc County
202,CA - Mono County
203,CA - Monterey County
204,CA - Napa County
205,CA - Nevada County
206,CA - Orange County
207,CA - Placer County
208,CA - Plumas County
209,CA - Riverside County
210,CA - Sacramento County
211,CA - San Benito County
212,CA - San Bernardino County
213,CA - San Diego County
214,CA - San Francisco County
215,CA - San Joaquin County
216,CA - San Luis Obispo County
217,CA - San Mateo County
218,CA - Santa Barbara County
219,CA - Santa Clara County
220,CA - Santa Cruz County
221,CA - Shasta County
222,CA - Sierra County
223,CA - Siskiyou County
224,CA - Solano County
225,CA - Sonoma County
226,CA - Stanislaus County
227,CA - Sutter County
228,CA - Tehama County
229,CA - Trinity County
230,CA - Tulare County
231,CA - Tuolumne County
232,CA - Ventura County
233,CA - Yolo County
234,CA - Yuba County
235,CO - Alamosa County
236,CO - Archuleta County
237,CO - Baca County
238,CO - Bent County
239,CO - Chaffee County
240,CO - Cheyenne County
241,CO - Clear Creek County
242,CO - Conejos County
243,CO - Costilla County
244,CO - Crowley County
245,CO - Custer County
246,CO - Delta County
247,CO - Dolores County
248,CO - Douglas County
249,CO - Eagle County
250,CO - Elbert County
251,CO - El Paso County
252,CO - Fremont County
253,CO - Garfield County
254,CO - Gilpin County
255,CO - Grand County
256,CO - Gunnison County
257,CO - Hinsdale County
258,CO - Huerfano County
259,CO - Jackson County
260,CO - Kiowa County
261,CO - Kit Carson County
262,CO - Lake County
263,CO - La Plata County
264,CO - Larimer County
265,CO - Las Animas County
266,CO - Lincoln County
267,CO - Logan County
268,CO - Mesa County
269,CO - Mineral County
270,CO - Moffat County
271,CO - Montezuma County
272,CO - Montrose County
273,CO - Morgan County
274,CO - Otero County
275,CO - Ouray County
276,CO - Park County
277,CO - Phillips County
278,CO - Pitkin County
279,CO - Prowers County
280,CO - Pueblo County
281,CO - Rio Blanco County
282,CO - Rio Grande County
283,CO - Routt County
284,CO - Saguache County
285,CO - San Juan County
286,CO - San Miguel County
287,CO - Sedgwick County
288,CO - Summit County
289,CO - Teller County
290,CO - Washington County
291,CO - Yuma County
292,"CO - Adams County,CO - Arapahoe County,CO - Boulder County,CO - Broomfield County,CO - Denver County,CO - Jefferson County,CO - Weld County"
293,CT - Fairfield County
294,CT - Hartford County
295,CT - Litchfield County
296,CT - Middlesex County
297,CT - New Haven County
298,CT - New London County
299,CT - Tolland County
300,CT - Windham County
301,DE - Kent County
302,DE - New Castle County
303,DE - Sussex County
304,DC - District of Columbia
305,FL - Alachua County
306,FL - Baker County
307,FL - Bay County
308,FL - Bradford County
309,FL - Brevard County
310,FL - Broward County
311,FL - Calhoun County
312,FL - Charlotte County
313,FL - Citrus County
314,FL - Clay County
315,FL - Collier County
316,FL - Columbia County
317,"FL - Dade County,FL - Miami-Dade County"
318,FL - DeSoto County
319,FL - Dixie County
320,FL - Duval County
321,FL - Escambia County
322,FL - Flagler County
323,FL - Franklin County
324,FL - Gadsden County
325,FL - Gilchrist County
326,FL - Glades County
327,FL - Gulf County
328,FL - Hamilton County
329,FL - Hardee County
330,FL - Hendry County
331,FL - Hernando County
332,FL - Highlands County
333,FL - Hillsborough County
334,FL - Holmes County
335,FL - Indian River County
336,FL - Jackson County
337,FL - Jefferson County
338,FL - Lafayette County
339,FL - Lake County
340,FL - Lee County
341,FL - Leon County
342,FL - Levy County
343,FL - Liberty County
344,FL - Madison County
345,FL - Manatee County
346,FL - Marion County
347,FL - Martin County
348,FL - Monroe County
349,FL - Nassau County
350,FL - Okaloosa County
351,FL - Okeechobee County
352,FL - Orange County
353,FL - Osceola County
354,FL - Palm Beach County
355,FL - Pasco County
356,FL - Pinellas County
357,FL - Polk County
358,FL - Putnam County
359,FL - Saint Johns County
360,FL - Saint Lucie County
361,FL - Santa Rosa County
362,FL - Sarasota County
363,FL - Seminole County
364,FL - Sumter County
365,FL - Suwannee County
366,FL - Taylor County
367,FL - Union County
368,FL - Volusia County
369,FL - Wakulla County
370,FL - Walton County
371,FL - Washington County
372,GA - Appling County
373,GA - Atkinson County
374,GA - Bacon County
375,GA - Baker County
376,GA - Baldwin County
377,GA - Banks County
378,GA - Barrow County
379,GA - Bartow County
380,GA - Ben Hill County
381,GA - Berrien County
382,GA - Bibb County
383,GA - Bleckley County
384,GA - Brantley County
385,GA - Brooks County
386,GA - Bryan County
387,GA - Bulloch County
388,GA - Burke County
389,GA - Butts County
390,GA - Calhoun County
391,GA - Camden County
392,GA - Candler County
393,GA - Carroll County
394,GA - Catoosa County
395,GA - Charlton County
396,GA - Chatham County
397,GA - Chattahoochee County
398,GA - Chattooga County
399,GA - Cherokee County
400,GA - Clarke County
401,GA - Clay County
402,GA - Clayton County
403,GA - Clinch County
404,GA - Cobb County
405,GA - Coffee County
406,GA - Colquitt County
407,GA - Columbia County
408,GA - Cook County
409,GA - Coweta County
410,GA - Crawford County
411,GA - Crisp County
412,GA - Dade County
413,GA - Dawson County
414,GA - Decatur County
415,GA - DeKalb County
416,GA - Dodge County
417,GA - Dooly County
418,GA - Dougherty County
419,GA - Douglas County
420,GA - Early County
421,GA - Echols County
422,GA - Effingham County
423,GA - Elbert County
424,GA - Emanuel County
425,GA - Evans County
426,GA - Fannin County
427,GA - Fayette County
428,GA - Floyd County
429,GA - Forsyth County
430,GA - Franklin County
431,GA - Fulton County
432,GA - Gilmer County
433,GA - Glascock County
434,GA - Glynn County
435,GA - Gordon County
436,GA - Grady County
437,GA - Greene County
438,GA - Gwinnett County
439,GA - Habersham County
440,GA - Hall County
441,GA - Hancock County
442,GA - Haralson County
443,GA - Harris County
444,GA - Hart County
445,GA - Heard County
446,GA - Henry County
447,GA - Houston County
448,GA - Irwin County
449,GA - Jackson County
450,GA - Jasper County
451,GA - Jeff Davis County
452,GA - Jefferson County
453,GA - Jenkins County
454,GA - Johnson County
455,GA - Jones County
456,GA - Lamar County
457,GA - Lanier County
458,GA - Laurens County
459,GA - Lee County
460,GA - Liberty County
461,GA - Lincoln County
462,GA - Long County
463,GA - Lowndes County
464,GA - Lumpkin County
465,GA - McDuffie County
466,GA - McIntosh County
467,GA - Macon County
468,GA - Madison County
469,GA - Marion County
470,GA - Meriwether County
471,GA - Miller County
472,GA - Mitchell County
473,GA - Monroe County
474,GA - Montgomery County
475,GA - Morgan County
476,GA - Murray County
477,GA - Muscogee County
478,GA - Newton County
479,GA - Oconee County
480,GA - Oglethorpe County
481,GA - Paulding County
482,GA - Peach County
483,GA - Pickens County
484,GA - Pierce County
485,GA - Pike County
486,GA - Polk County
487,GA - Pulaski County
488,GA - Putnam County
489,GA - Quitman County
490,GA - Rabun County
491,GA - Randolph County
492,GA - Richmond County
493,GA - Rockdale County
494,GA - Schley County
495,GA - Screven County
496,GA - Seminole County
497,GA - Spalding County
498,GA - Stephens County
499,GA - Stewart County
500,GA - Sumter County
501,GA - Talbot County
502,GA - Taliaferro County
503,GA - Tattnall County
504,GA - Taylor County
505,GA - Telfair County
506,GA - Terrell County
507,GA - Thomas County
508,GA - Tift County
509,GA - Toombs County
510,GA - Towns County
511,GA - Treutlen County
512,GA - Troup County
513,GA - Turner County
514,GA - Twiggs County
515,GA - Union County
516,GA - Upson County
517,GA - Walker County
518,GA - Walton County
519,GA - Ware County
520,GA - Warren County
521,GA - Washington County
522,GA - Wayne County
523,GA - Webster County
524,GA - Wheeler County
525,GA - White County
526,GA - Whitfield County
527,GA - Wilcox County
528,GA - Wilkes County
529,GA - Wilkinson County
530,GA - Worth County
531,HI - Hawaii County
532,HI - Honolulu County
533,HI - Kauai County
534,"HI - Kalawao County,HI - Maui County"
535,ID - Ada County
536,ID - Adams County
537,ID - Bannock County
538,ID - Bear Lake County
539,ID - Benewah County
540,ID - Bingham County
541,ID - Blaine County
542,ID - Boise County
543,ID - Bonner County
544,ID - Bonneville County
545,ID - Boundary County
546,ID - Butte County
547,ID - Camas County
548,ID - Canyon County
549,ID - Caribou County
550,ID - Cassia County
551,ID - Clark County
552,ID - Clearwater County
553,ID - Custer County
554,ID - Elmore County
555,ID - Franklin County
556,ID - Fremont County
557,ID - Gem County
558,ID - Gooding County
559,ID - Idaho County
560,ID - Jefferson County
561,ID - Jerome County
562,ID - Kootenai County
563,ID - Latah County
564,ID - Lemhi County
565,ID - Lewis County
566,ID - Lincoln County
567,ID - Madison County
568,ID - Minidoka County
569,ID - Nez Perce County
570,ID - Oneida County
571,ID - Owyhee County
572,ID - Payette County
573,ID - Power County
574,ID - Shoshone County
575,ID - Teton County
576,ID - Twin Falls County
577,ID - Valley County
578,ID - Washington County
579,IL - Adams County
580,IL - Alexander County
581,IL - Bond County
582,IL - Boone County
583,IL - Brown County
584,IL - Bureau County
585,IL - Calhoun County
586,IL - Carroll County
587,IL - Cass County
588,IL - Champaign County
589,IL - Christian County
590,IL - Clark County
591,IL - Clay County
592,IL - Clinton County
593,IL - Coles County
594,IL - Cook County
595,IL - Crawford County
596,IL - Cumberland County
597,IL - DeKalb County
598,IL - De Witt County
599,IL - Douglas County
600,IL - DuPage County
601,IL - Edgar County
602,IL - Edwards County
603,IL - Effingham County
604,IL - Fayette County
605,IL - Ford County
606,IL - Franklin County
607,IL - Fulton County
608,IL - Gallatin County
609,IL - Greene County
610,IL - Grundy County
611,IL - Hamilton County
612,IL - Hancock County
613,IL - Hardin County
614,IL - Henderson County
615,IL - Henry County
616,IL - Iroquois County
617,IL - Jackson County
618,IL - Jasper County
619,IL - Jefferson County
620,IL - Jersey County
621,IL - Jo Daviess County
622,IL - Johnson County
623,IL - Kane County
624,IL - Kankakee County
625,IL - Kendall County
626,IL - Knox County
627,IL - Lake County
628,IL - LaSalle County
629,IL - Lawrence County
630,IL - Lee County
631,IL - Livingston County
632,IL - Logan County
633,IL - McDonough County
634,IL - McHenry County
635,IL - McLean County
636,IL - Macon County
637,IL - Macoupin County
638,IL - Madison County
639,IL - Marion County
640,IL - Marshall County
641,IL - Mason County
642,IL - Massac County
643,IL - Menard County
644,IL - Mercer County
645,IL - Monroe County
646,IL - Montgomery County
647,IL - Morgan County
648,IL - Moultrie County
649,IL - Ogle County
650,IL - Peoria County
651,IL - Perry County
652,IL - Piatt County
653,IL - Pike County
654,IL - Pope County
655,IL - Pulaski County
656,IL - Putnam County
657,IL - Randolph County
658,IL - Richland County
659,IL - Rock Island County
660,IL - Saint Clair County
661,IL - Saline County
662,IL - Sangamon County
663,IL - Schuyler County
664,IL - Scott County
665,IL - Shelby County
666,IL - Stark County
667,IL - Stephenson County
668,IL - Tazewell County
669,IL - Union County
670,IL - Vermilion County
671,IL - Wabash County
672,IL - Warren County
673,IL - Washington County
674,IL - Wayne County
675,IL - White County
676,IL - Whiteside County
677,IL - Will County
678,IL - Williamson County
679,IL - Winnebago County
680,IL - Woodford County
681,IN - Adams County
682,IN - Allen County
683,IN - Bartholomew County
684,IN - Benton County
685,IN - Blackford County
686,IN - Boone County
687,IN - Brown County
688,IN - Carroll County
689,IN - Cass County
690,IN - Clark County
691,IN - Clay County
692,IN - Clinton County
693,IN - Crawford County
694,IN - Daviess County
695,IN - Dearborn County
696,IN - Decatur County
697,IN - DeKalb County
698,IN - Delaware County
699,IN - Dubois County
700,IN - Elkhart County
701,IN - Fayette County
702,IN - Floyd County
703,IN - Fountain County
704,IN - Franklin County
705,IN - Fulton County
706,IN - Gibson County
707,IN - Grant County
708,IN - Greene County
709,IN - Hamilton County
710,IN - Hancock County
711,IN - Harrison County
712,IN - Hendricks County
713,IN - Henry County
714,IN - Howard County
715,IN - Huntington County
716,IN - Jackson County
717,IN - Jasper County
718,IN - Jay County
719,IN - Jefferson County
720,IN - Jennings County
721,IN - Johnson County
722,IN - Knox County
723,IN - Kosciusko County
724,IN - LaGrange County
725,IN - Lake County
726,IN - LaPorte County
727,IN - Lawrence County
728,IN - Madison County
729,IN - Marion County
730,IN - Marshall County
731,IN - Martin County
732,IN - Miami County
733,IN - Monroe County
734,IN - Montgomery County
735,IN - Morgan County
736,IN - Newton County
737,IN - Noble County
738,IN - Ohio County
739,IN - Orange County
740,IN - Owen County
741,IN - Parke County
742,IN - Perry County
743,IN - Pike County
744,IN - Porter County
745,IN - Posey County
746,IN - Pulaski County
747,IN - Putnam County
748,IN - Randolph County
749,IN - Ripley County
750,IN - Rush County
751,IN - Saint Joseph County
752,IN - Scott County
753,IN - Shelby County
754,IN - Spencer County
755,IN - Starke County
756,IN - Steuben County
757,IN - Sullivan County
758,IN - Switzerland County
759,IN - Tippecanoe County
760,IN - Tipton County
761,IN - Union County
762,IN - Vanderburgh County
763,IN - Vermillion County
764,IN - Vigo County
765,IN - Wabash County
766,IN - Warren County
767,IN - Warrick County
768,IN - Washington County
769,IN - Wayne County
770,IN - Wells County
771,IN - White County
772,IN - Whitley County
773,IA - Adair County
774,IA - Adams County
775,IA - Allamakee County
776,IA - Appanoose County
777,IA - Audubon County
778,IA - Benton County
779,IA - Black Hawk County
780,IA - Boone County
781,IA - Bremer County
782,IA - Buchanan County
783,IA - Buena Vista County
784,IA - Butler County
785,IA - Calhoun County
786,IA - Carroll County
787,IA - Cass County
788,IA - Cedar County
789,IA - Cerro Gordo County
790,IA - Cherokee County
791,IA - Chickasaw County
792,IA - Clarke County
793,IA - Clay County
794,IA - Clayton County
795,IA - Clinton County
796,IA - Crawford County
797,IA - Dallas County
798,IA - Davis County
799,IA - Decatur County
800,IA - Delaware County
801,IA - Des Moines County
802,IA - Dickinson County
803,IA - Dubuque County
804,IA - Emmet County
805,IA - Fayette County
806,IA - Floyd County
807,IA - Franklin County
808,IA - Fremont County
809,IA - Greene County
810,IA - Grundy County
811,IA - Guthrie County
812,IA - Hamilton County
813,IA - Hancock County
814,IA - Hardin County
815,IA - Harrison County
816,IA - Henry County
817,IA - Howard County
818,IA - Humboldt County
819,IA - Ida County
820,IA - Iowa County
821,IA - Jackson County
822,IA - Jasper County
823,IA - Jefferson County
824,IA - Johnson County
825,IA - Jones County
826,IA - Keokuk County
827,IA - Kossuth County
828,IA - Lee County
829,IA - Linn County
830,IA - Louisa County
831,IA - Lucas County
832,IA - Lyon County
833,IA - Madison County
834,IA - Mahaska County
835,IA - Marion County
836,IA - Marshall County
837,IA - Mills County
838,IA - Mitchell County
839,IA - Monona County
840,IA - Monroe County
841,IA - Montgomery County
842,IA - Muscatine County
843,IA - O'Brien County
844,IA - Osceola County
845,IA - Page County
846,IA - Palo Alto County
847,IA - Plymouth County
848,IA - Pocahontas County
849,IA - Polk County
850,IA - Pottawattamie County
851,IA - Poweshiek County
852,IA - Ringgold County
853,IA - Sac County
854,IA - Scott County
855,IA - Shelby County
856,IA - Sioux County
857,IA - Story County
858,IA - Tama County
859,IA - Taylor County
860,IA - Union County
861,IA - Van Buren County
862,IA - Wapello County
863,IA - Warren County
864,IA - Washington County
865,IA - Wayne County
866,IA - Webster County
867,IA - Winnebago County
868,IA - Winneshiek County
869,IA - Woodbury County
870,IA - Worth County
871,IA - Wright County
872,KS - Allen County
873,KS - Anderson County
874,KS - Atchison County
875,KS - Barber County
876,KS - Barton County
877,KS - Bourbon County
878,KS - Brown County
879,KS - Butler County
880,KS - Chase County
881,KS - Chautauqua County
882,KS - Cherokee County
883,KS - Cheyenne County
884,KS - Clark County
885,KS - Clay County
886,KS - Cloud County
887,KS - Coffey County
888,KS - Comanche County
889,KS - Cowley County
890,KS - Crawford County
891,KS - Decatur County
892,KS - Dickinson County
893,KS - Doniphan County
894,KS - Douglas County
895,KS - Edwards County
896,KS - Elk County
897,KS - Ellis County
898,KS - Ellsworth County
899,KS - Finney County
900,KS - Ford County
901,KS - Franklin County
902,KS - Geary County
903,KS - Gove County
904,KS - Graham County
905,KS - Grant County
906,KS - Gray County
907,KS - Greeley County
908,KS - Greenwood County
909,KS - Hamilton County
910,KS - Harper County
911,KS - Harvey County
912,KS - Haskell County
913,KS - Hodgeman County
914,KS - Jackson County
915,KS - Jefferson County
916,KS - Jewell County
917,KS - Johnson County
918,KS - Kearny County
919,KS - Kingman County
920,KS - Kiowa County
921,KS - Labette County
922,KS - Lane County
923,KS - Leavenworth County
924,KS - Lincoln County
925,KS - Linn County
926,KS - Logan County
927,KS - Lyon County
928,KS - McPherson County
929,KS - Marion County
930,KS - Marshall County
931,KS - Meade County
932,KS - Miami County
933,KS - Mitchell County
934,KS - Montgomery County
935,KS - Morris County
936,KS - Morton County
937,KS - Nemaha County
938,KS - Neosho County
939,KS - Ness County
940,KS - Norton County
941,KS - Osage County
942,KS - Osborne County
943,KS - Ottawa County
944,KS - Pawnee County
945,KS - Phillips County
946,KS - Pottawatomie County
947,KS - Pratt County
948,KS - Rawlins County
949,KS - Reno County
950,KS - Republic County
951,KS - Rice County
952,KS - Riley County
953,KS - Rooks County
954,KS - Rush County
955,KS - Russell County
956,KS - Saline County
957,KS - Scott County
958,KS - Sedgwick County
959,KS - Seward County
960,KS - Shawnee County
961,KS - Sheridan County
962,KS - Sherman County
963,KS - Smith County
964,KS - Stafford County
965,KS - Stanton County
966,KS - Stevens County
967,KS - Sumner County
968,KS - Thomas County
969,KS - Trego County
970,KS - Wabaunsee County
971,KS - Wallace County
972,KS - Washington County
973,KS - Wichita County
974,KS - Wilson County
975,KS - Woodson County
976,KS - Wyandotte County
977,KY - Adair County
978,KY - Allen County
979,KY - Anderson County
980,KY - Ballard County
981,KY - Barren County
982,KY - Bath County
983,KY - Bell County
984,KY - Boone County
985,KY - Bourbon County
986,KY - Boyd County
987,KY - Boyle County
988,KY - Bracken County
989,KY - Breathitt County
990,KY - Breckinridge County
991,KY - Bullitt County
992,KY - Butler County
993,KY - Caldwell County
994,KY - Calloway County
995,KY - Campbell County
996,KY - Carlisle County
997,KY - Carroll County
998,KY - Carter County
999,KY - Casey County
1000,KY - Christian County
1001,KY - Clark County
1002,KY - Clay County
1003,KY - Clinton County
1004,KY - Crittenden County
1005,KY - Cumberland County
1006,KY - Daviess County
1007,KY - Edmonson County
1008,KY - Elliott County
1009,KY - Estill County
1010,KY - Fayette County
1011,KY - Fleming County
1012,KY - Floyd County
1013,KY - Franklin County
1014,KY - Fulton County
1015,KY - Gallatin County
1016,KY - Garrard County
1017,KY - Grant County
1018,KY - Graves County
1019,KY - Grayson County
1020,KY - Green County
1021,KY - Greenup County
1022,KY - Hancock County
1023,KY - Hardin County
1024,KY - Harlan County
1025,KY - Harrison County
1026,KY - Hart County
1027,KY - Henderson County
1028,KY - Henry County
1029,KY - Hickman County
1030,KY - Hopkins County
1031,KY - Jackson County
1032,KY - Jefferson County
1033,KY - Jessamine County
1034,KY - Johnson County
1035,KY - Kenton County
1036,KY - Knott County
1037,KY - Knox County
1038,KY - Larue County
1039,KY - Laurel County
1040,KY - Lawrence County
1041,KY - Lee County
1042,KY - Leslie County
1043,KY - Letcher County
1044,KY - Lewis County
1045,KY - Lincoln County
1046,KY - Livingston County
1047,KY - Logan County
1048,KY - Lyon County
1049,KY - McCracken County
1050,KY - McCreary County
1051,KY - McLean County
1052,KY - Madison County
1053,KY - Magoffin County
1054,KY - Marion County
1055,KY - Marshall County
1056,KY - Martin County
1057,KY - Mason County
1058,KY - Meade County
1059,KY - Menifee County
1060,KY - Mercer County
1061,KY - Metcalfe County
1062,KY - Monroe County
1063,KY - Montgomery County
1064,KY - Morgan County
1065,KY - Muhlenberg County
1066,KY - Nelson County
1067,KY - Nicholas County
1068,KY - Ohio County
1069,KY - Oldham County
1070,KY - Owen County
1071,KY - Owsley County
1072,KY - Pendleton County
1073,KY - Perry County
1074,KY - Pike County
1075,KY - Powell County
1076,KY - Pulaski County
1077,KY - Robertson County
1078,KY - Rockcastle County
1079,KY - Rowan County
1080,KY - Russell County
1081,KY - Scott County
1082,KY - Shelby County
1083,KY - Simpson County
1084,KY - Spencer County
1085,KY - Taylor County
1086,KY - Todd County
1087,KY - Trigg County
1088,KY - Trimble County
1089,KY - Union County
1090,KY - Warren County
1091,KY - Washington County
1092,KY - Wayne County
1093,KY - Webster County
1094,KY - Whitley County
1095,KY - Wolfe County
1096,KY - Woodford County
1097,LA - Acadia Parish
1098,LA - Allen Parish
1099,LA - Ascension Parish
1100,LA - Assumption Parish
1101,LA - Avoyelles Parish
1102,LA - Beauregard Parish
1103,LA - Bienville Parish
1104,LA - Bossier Parish
1105,LA - Caddo Parish
1106,LA - Calcasieu Parish
1107,LA - Caldwell Parish
1108,LA - Cameron Parish
1109,LA - Catahoula Parish
1110,LA - Claiborne Parish
1111,LA - Concordia Parish
1112,LA - De Soto Parish
1113,LA - East Baton Rouge Parish
1114,LA - East Carroll Parish
1115,LA - East Feliciana Parish
1116,LA - Evangeline Parish
1117,LA - Franklin Parish
1118,LA - Grant Parish
1119,LA - Iberia Parish
1120,LA - Iberville Parish
1121,LA - Jackson Parish
1122,LA - Jefferson Parish
1123,LA - Jefferson Davis Parish
1124,LA - Lafayette Parish
1125,LA - Lafourche Parish
1126,LA - LaSalle Parish
1127,LA - Lincoln Parish
1128,LA - Livingston Parish
1129,LA - Madison Parish
1130,LA - Morehouse Parish
1131,LA - Natchitoches Parish
1132,LA - Orleans Parish
1133,LA - Ouachita Parish
1134,LA - Plaquemines Parish
1135,LA - Pointe Coupee Parish
1136,LA - Rapides Parish
1137,LA - Red River Parish
1138,LA - Richland Parish
1139,LA - Sabine Parish
1140,LA - Saint Bernard Parish
1141,LA - Saint Charles Parish
1142,LA - Saint Helena Parish
1143,LA - Saint James Parish
1144,LA - Saint John the Baptist Parish
1145,LA - Saint Landry Parish
1146,LA - Saint Martin Parish
1147,LA - Saint Mary Parish
1148,LA - Saint Tammany Parish
1149,LA - Tangipahoa Parish
1150,LA - Tensas Parish
1151,LA - Terrebonne Parish
1152,LA - Union Parish
1153,LA - Vermilion Parish
1154,LA - Vernon Parish
1155,LA - Washington Parish
1156,LA - Webster Parish
1157,LA - West Baton Rouge Parish
1158,LA - West Carroll Parish
1159,LA - West Feliciana Parish
1160,LA - Winn Parish
1161,ME - Androscoggin County
1162,ME - Aroostook County
1163,ME - Cumberland County
1164,ME - Franklin County
1165,ME - Hancock County
1166,ME - Kennebec County
1167,ME - Knox County
1168,ME - Lincoln County
1169,ME - Oxford County
1170,ME - Penobscot County
1171,ME - Piscataquis County
1172,ME - Sagadahoc County
1173,ME - Somerset County
1174,ME - Waldo County
1175,ME - Washington County
1176,ME - York County
1177,MD - Allegany County
1178,MD - Anne Arundel County
1179,MD - Baltimore County
1180,MD - Calvert County
1181,MD - Caroline County
1182,MD - Carroll County
1183,MD - Cecil County
1184,MD - Charles County
1185,MD - Dorchester County
1186,MD - Frederick County
1187,MD - Garrett County
1188,MD - Harford County
1189,MD - Howard County
1190,MD - Kent County
1191,MD - Queen Anne's County
1192,MD - Saint Mary's County
1193,MD - Somerset County
1194,MD - Talbot County
1195,MD - Washington County
1196,MD - Wicomico County
1197,MD - Worcester County
1198,MD - Baltimore City
1199,"MD - Montgomery County,MD - Prince George's County"
1200,MA - Barnstable County
1201,MA - Berkshire County
1202,MA - Bristol County
1203,MA - Dukes County
1204,MA - Essex County
1205,MA - Franklin County
1206,MA - Hampden County
1207,MA - Hampshire County
1208,MA - Middlesex County
1209,MA - Nantucket County
1210,MA - Norfolk County
1211,MA - Plymouth County
1212,MA - Suffolk County
1213,MA - Worcester County
1214,MI - Alcona County
1215,MI - Alger County
1216,MI - Allegan County
1217,MI - Alpena County
1218,MI - Antrim County
1219,MI - Arenac County
1220,MI - Baraga County
1221,MI - Barry County
1222,MI - Bay County
1223,MI - Benzie County
1224,MI - Berrien County
1225,MI - Branch County
1226,MI - Calhoun County
1227,MI - Cass County
1228,MI - Charlevoix County
1229,MI - Cheboygan County
1230,MI - Chippewa County
1231,MI - Clare County
1232,MI - Clinton County
1233,MI - Crawford County
1234,MI - Delta County
1235,MI - Dickinson County
1236,MI - Eaton County
1237,MI - Emmet County
1238,MI - Genesee County
1239,MI - Gladwin County
1240,MI - Gogebic County
1241,MI - Grand Traverse County
1242,MI - Gratiot County
1243,MI - Hillsdale County
1244,MI - Houghton County
1245,MI - Huron County
1246,MI - Ingham County
1247,MI - Ionia County
1248,MI - Iosco County
1249,MI - Iron County
1250,MI - Isabella County
1251,MI - Jackson County
1252,MI - Kalamazoo County
1253,MI - Kalkaska County
1254,MI - Kent County
1255,MI - Keweenaw County
1256,MI - Lake County
1257,MI - Lapeer County
1258,MI - Leelanau County
1259,MI - Lenawee County
1260,MI - Livingston County
1261,MI - Luce County
1262,MI - Mackinac County
1263,MI - Macomb County
1264,MI - Manistee County
1265,MI - Marquette County
1266,MI - Mason County
1267,MI - Mecosta County
1268,MI - Menominee County
1269,MI - Midland County
1270,MI - Missaukee County
1271,MI - Monroe County
1272,MI - Montcalm County
1273,MI - Montmorency County
1274,MI - Muskegon County
1275,MI - Newaygo County
1276,MI - Oakland County
1277,MI - Oceana County
1278,MI - Ogemaw County
1279,MI - Ontonagon County
1280,MI - Osceola County
1281,MI - Oscoda County
1282,MI - Otsego County
1283,MI - Ottawa County
1284,MI - Presque Isle County
1285,MI - Roscommon County
1286,MI - Saginaw County
1287,MI - Saint Clair County
1288,MI - Saint Joseph County
1289,MI - Sanilac County
1290,MI - Schoolcraft County
1291,MI - Shiawassee County
1292,MI - Tuscola County
1293,MI - Van Buren County
1294,MI - Washtenaw County
1295,MI - Wayne County
1296,MI - Wexford County
1297,MN - Aitkin County
1298,MN - Anoka County
1299,MN - Becker County
1300,MN - Beltrami County
1301,MN - Benton County
1302,MN - Big Stone County
1303,MN - Blue Earth County
1304,MN - Brown County
1305,MN - Carlton County
1306,MN - Carver County
1307,MN - Cass County
1308,MN - Chippewa County
1309,MN - Chisago County
1310,MN - Clay County
1311,MN - Clearwater County
1312,MN - Cook County
1313,MN - Cottonwood County
1314,MN - Crow Wing County
1315,MN - Dakota County
1316,MN - Dodge County
1317,MN - Douglas County
1318,MN - Faribault County
1319,MN - Fillmore County
1320,MN - Freeborn County
1321,MN - Goodhue County
1322,MN - Grant County
1323,MN - Hennepin County
1324,MN - Houston County
1325,MN - Hubbard County
1326,MN - Isanti County
1327,MN - Itasca County
1328,MN - Jackson County
1329,MN - Kanabec County
1330,MN - Kandiyohi County
1331,MN - Kittson County
1332,MN - Koochiching County
1333,MN - Lac qui Parle County
1334,MN - Lake County
1335,MN - Lake of the Woods County
1336,MN - Le Sueur County
1337,MN - Lincoln County
1338,MN - Lyon County
1339,MN - McLeod County
1340,MN - Mahnomen County
1341,MN - Marshall County
1342,MN - Martin County
1343,MN - Meeker County
1344,MN - Mille Lacs County
1345,MN - Morrison County
1346,MN - Mower County
1347,MN - Murray County
1348,MN - Nicollet County
1349,MN - Nobles County
1350,MN - Norman County
1351,MN - Olmsted County
1352,MN - Otter Tail County
1353,MN - Pennington County
1354,MN - Pine County
1355,MN - Pipestone County
1356,MN - Polk County
1357,MN - Pope County
1358,MN - Ramsey County
1359,MN - Red Lake County
1360,MN - Redwood County
1361,MN - Renville County
1362,MN - Rice County
1363,MN - Rock County
1364,MN - Roseau County
1365,MN - Saint Louis County
1366,MN - Scott County
1367,MN - Sherburne County
1368,MN - Sibley County
1369,MN - Stearns County
1370,MN - Steele County
1371,MN - Stevens County
1372,MN - Swift County
1373,MN - Todd County
1374,MN - Traverse County
1375,MN - Wabasha County
1376,MN - Wadena County
1377,MN - Waseca County
1378,MN - Washington County
1379,MN - Watonwan County
1380,MN - Wilkin County
1381,MN - Winona County
1382,MN - Wright County
1383,MN - Yellow Medicine County
1384,MS - Adams County
1385,MS - Alcorn County
1386,MS - Amite County
1387,MS - Attala County
1388,MS - Benton County
1389,MS - Bolivar County
1390,MS - Calhoun County
1391,MS - Carroll County
1392,MS - Chickasaw County
1393,MS - Choctaw County
1394,MS - Claiborne County
1395,MS - Clarke County
1396,MS - Clay County
1397,MS - Coahoma County
1398,MS - Copiah County
1399,MS - Covington County
1400,MS - DeSoto County
1401,MS - Forrest County
1402,MS - Franklin County
1403,MS - George County
1404,MS - Greene County
1405,MS - Grenada County
1406,MS - Hancock County
1407,MS - Harrison County
1408,MS - Hinds County
1409,MS - Holmes County
1410,MS - Humphreys County
1411,MS - Issaquena County
1412,MS - Itawamba County
1413,MS - Jackson County
1414,MS - Jasper County
1415,MS - Jefferson County
1416,MS - Jefferson Davis County
1417,MS - Jones County
1418,MS - Kemper County
1419,MS - Lafayette County
1420,MS - Lamar County
1421,MS - Lauderdale County
1422,MS - Lawrence County
1423,MS - Leake County
1424,MS - Lee County
1425,MS - Leflore County
1426,MS - Lincoln County
1427,MS - Lowndes County
1428,MS - Madison County
1429,MS - Marion County
1430,MS - Marshall County
1431,MS - Monroe County
1432,MS - Montgomery County
1433,MS - Neshoba County
1434,MS - Newton County
1435,MS - Noxubee County
1436,MS - Oktibbeha County
1437,MS - Panola County
1438,MS - Pearl River County
1439,MS - Perry County
1440,MS - Pike County
1441,MS - Pontotoc County
1442,MS - Prentiss County
1443,MS - Quitman County
1444,MS - Rankin County
1445,MS - Scott County
1446,MS - Sharkey County
1447,MS - Simpson County
1448,MS - Smith County
1449,MS - Stone County
1450,MS - Sunflower County
1451,MS - Tallahatchie County
1452,MS - Tate County
1453,MS - Tippah County
1454,MS - Tishomingo County
1455,MS - Tunica County
1456,MS - Union County
1457,MS - Walthall County
1458,MS - Warren County
1459,MS - Washington County
1460,MS - Wayne County
1461,MS - Webster County
1462,MS - Wilkinson County
1463,MS - Winston County
1464,MS - Yalobusha County
1465,MS - Yazoo County
1466,MO - Adair County
1467,MO - Andrew County
1468,MO - Atchison County
1469,MO - Audrain County
1470,MO - Barry County
1471,MO - Barton County
1472,MO - Bates County
1473,MO - Benton County
1474,MO - Bollinger County
1475,MO - Boone County
1476,MO - Buchanan County
1477,MO - Butler County
1478,MO - Caldwell County
1479,MO - Callaway County
1480,MO - Camden County
1481,MO - Cape Girardeau County
1482,MO - Carroll County
1483,MO - Carter County
1484,MO - Cass County
1485,MO - Cedar County
1486,MO - Chariton County
1487,MO - Christian County
1488,MO - Clark County
1489,MO - Clay County
1490,MO - Clinton County
1491,MO - Cole County
1492,MO - Cooper County
1493,MO - Crawford County
1494,MO - Dade County
1495,MO - Dallas County
1496,MO - Daviess County
1497,MO - DeKalb County
1498,MO - Dent County
1499,MO - Douglas County
1500,MO - Dunklin County
1501,MO - Franklin County
1502,MO - Gasconade County
1503,MO - Gentry County
1504,MO - Greene County
1505,MO - Grundy County
1506,MO - Harrison County
1507,MO - Henry County
1508,MO - Hickory County
1509,MO - Holt County
1510,MO - Howard County
1511,MO - Howell County
1512,MO - Iron County
1513,MO - Jackson County
1514,MO - Jasper County
1515,MO - Jefferson County
1516,MO - Johnson County
1517,MO - Knox County
1518,MO - Laclede County
1519,MO - Lafayette County
1520,MO - Lawrence County
1521,MO - Lewis County
1522,MO - Lincoln County
1523,MO - Linn County
1524,MO - Livingston County
1525,MO - McDonald County
1526,MO - Macon County
1527,MO - Madison County
1528,MO - Maries County
1529,MO - Marion County
1530,MO - Mercer County
1531,MO - Miller County
1532,MO - Mississippi County
1533,MO - Moniteau County
1534,MO - Monroe County
1535,MO - Montgomery County
1536,MO - Morgan County
1537,MO - New Madrid County
1538,MO - Newton County
1539,MO - Nodaway County
1540,MO - Oregon County
1541,MO - Osage County
1542,MO - Ozark County
1543,MO - Pemiscot County
1544,MO - Perry County
1545,MO - Pettis County
1546,MO - Phelps County
1547,MO - Pike County
1548,MO - Platte County
1549,MO - Polk County
1550,MO - Pulaski County
1551,MO - Putnam County
1552,MO - Ralls County
1553,MO - Randolph County
1554,MO - Ray County
1555,MO - Reynolds County
1556,MO - Ripley County
1557,MO - Saint Charles County
1558,MO - Saint Clair County
1559,MO - Sainte Genevieve County
1560,MO - Saint Francois County
1561,MO - Saint Louis County
1562,MO - Saline County
1563,MO - Schuyler County
1564,MO - Scotland County
1565,MO - Scott County
1566,MO - Shannon County
1567,MO - Shelby County
1568,MO - Stoddard County
1569,MO - Stone County
1570,MO - Sullivan County
1571,MO - Taney County
1572,MO - Texas County
1573,MO - Vernon County
1574,MO - Warren County
1575,MO - Washington County
1576,MO - Wayne County
1577,MO - Webster County
1578,MO - Worth County
1579,MO - Wright County
1580,MO - Saint Louis City
1581,MT - Beaverhead County
1582,MT - Big Horn County
1583,MT - Blaine County
1584,MT - Broadwater County
1585,MT - Carbon County
1586,MT - Carter County
1587,MT - Cascade County
1588,MT - Chouteau County
1589,MT - Custer County
1590,MT - Daniels County
1591,MT - Dawson County
1592,MT - Deer Lodge County
1593,MT - Fallon County
1594,MT - Fergus County
1595,MT - Flathead County
1596,MT - Gallatin County
1597,MT - Garfield County
1598,MT - Glacier County
1599,MT - Golden Valley County
1600,MT - Granite County
1601,MT - Hill County
1602,MT - Jefferson County
1603,MT - Judith Basin County
1604,MT - Lake County
1605,MT - Lewis and Clark County
1606,MT - Liberty County
1607,MT - Lincoln County
1608,MT - McCone County
1609,MT - Madison County
1610,MT - Meagher County
1611,MT - Mineral County
1612,MT - Missoula County
1613,MT - Musselshell County
1614,MT - Petroleum County
1615,MT - Phillips County
1616,MT - Pondera County
1617,MT - Powder River County
1618,MT - Powell County
1619,MT - Prairie County
1620,MT - Ravalli County
1621,MT - Richland County
1622,MT - Roosevelt County
1623,MT - Rosebud County
1624,MT - Sanders County
1625,MT - Sheridan County
1626,MT - Silver Bow County
1627,MT - Stillwater County
1628,MT - Sweet Grass County
1629,MT - Teton County
1630,MT - Toole County
1631,MT - Treasure County
1632,MT - Valley County
1633,MT - Wheatland County
1634,MT - Wibaux County
1635,MT - Yellowstone County
1636,"MT - Park County,MT - Yellowstone National Park"
1637,NE - Adams County
1638,NE - Antelope County
1639,NE - Arthur County
1640,NE - Banner County
1641,NE - Blaine County
1642,NE - Boone County
1643,NE - Box Butte County
1644,NE - Boyd County
1645,NE - Brown County
1646,NE - Buffalo County
1647,NE - Burt County
1648,NE - Butler County
1649,NE - Cass County
1650,NE - Cedar County
1651,NE - Chase County
1652,NE - Cherry County
1653,NE - Cheyenne County
1654,NE - Clay County
1655,NE - Colfax County
1656,NE - Cuming County
1657,NE - Custer County
1658,NE - Dakota County
1659,NE - Dawes County
1660,NE - Dawson County
1661,NE - Deuel County
1662,NE - Dixon County
1663,NE - Dodge County
1664,NE - Douglas County
1665,NE - Dundy County
1666,NE - Fillmore County
1667,NE - Franklin County
1668,NE - Frontier County
1669,NE - Furnas County
1670,NE - Gage County
1671,NE - Garden County
1672,NE - Garfield County
1673,NE - Gosper County
1674,NE - Grant County
1675,NE - Greeley County
1676,NE - Hall County
1677,NE - Hamilton County
1678,NE - Harlan County
1679,NE - Hayes County
1680,NE - Hitchcock County
1681,NE - Holt County
1682,NE - Hooker County
1683,NE - Howard County
1684,NE - Jefferson County
1685,NE - Johnson County
1686,NE - Kearney County
1687,NE - Keith County
1688,NE - Keya Paha County
1689,NE - Kimball County
1690,NE - Knox County
1691,NE - Lancaster County
1692,NE - Lincoln County
1693,NE - Logan County
1694,NE - Loup County
1695,NE - McPherson County
1696,NE - Madison County
1697,NE - Merrick County
1698,NE - Morrill County
1699,NE - Nance County
1700,NE - Nemaha County
1701,NE - Nuckolls County
1702,NE - Otoe County
1703,NE - Pawnee County
1704,NE - Perkins County
1705,NE - Phelps County
1706,NE - Pierce County
1707,NE - Platte County
1708,NE - Polk County
1709,NE - Red Willow County
1710,NE - Richardson County
1711,NE - Rock County
1712,NE - Saline County
1713,NE - Sarpy County
1714,NE - Saunders County
1715,NE - Scotts Bluff County
1716,NE - Seward County
1717,NE - Sheridan County
1718,NE - Sherman County
1719,NE - Sioux County
1720,NE - Stanton County
1721,NE - Thayer County
1722,NE - Thomas County
1723,NE - Thurston County
1724,NE - Valley County
1725,NE - Washington County
1726,NE - Wayne County
1727,NE - Webster County
1728,NE - Wheeler County
1729,NE - York County
1730,NV - Churchill County
1731,NV - Clark County
1732,NV - Douglas County
1733,NV - Elko County
1734,NV - Esmeralda County
1735,NV - Eureka County
1736,NV - Humboldt County
1737,NV - Lander County
1738,NV - Lincoln County
1739,NV - Lyon County
1740,NV - Mineral County
1741,NV - Nye County
1742,NV - Pershing County
1743,NV - Storey County
1744,NV - Washoe County
1745,NV - White Pine County
1746,NV - Carson City
1747,NH - Belknap County
1748,NH - Carroll County
1749,NH - Cheshire County
1750,NH - Coos County
1751,NH - Grafton County
1752,NH - Hillsborough County
1753,NH - Merrimack County
1754,NH - Rockingham County
1755,NH - Strafford County
1756,NH - Sullivan County
1757,NJ - Atlantic County
1758,NJ - Bergen County
1759,NJ - Burlington County
1760,NJ - Camden County
1761,NJ - Cape May County
1762,NJ - Cumberland County
1763,NJ - Essex County
1764,NJ - Gloucester County
1765,NJ - Hudson County
1766,NJ - Hunterdon County
1767,NJ - Mercer County
1768,NJ - Middlesex County
1769,NJ - Monmouth County
1770,NJ - Morris County
1771,NJ - Ocean County
1772,NJ - Passaic County
1773,NJ - Salem County
1774,NJ - Somerset County
1775,NJ - Sussex County
1776,NJ - Union County
1777,NJ - Warren County
1778,NM - Bernalillo County
1779,NM - Catron County
1780,NM - Chaves County
1781,NM - Colfax County
1782,NM - Curry County
1783,NM - De Baca County
1784,NM - Dona Ana County
1785,NM - Eddy County
1786,NM - Grant County
1787,NM - Guadalupe County
1788,NM - Harding County
1789,NM - Hidalgo County
1790,NM - Lea County
1791,NM - Lincoln County
1792,NM - Los Alamos County
1793,NM - Luna County
1794,NM - McKinley County
1795,NM - Mora County
1796,NM - Otero County
1797,NM - Quay County
1798,NM - Rio Arriba County
1799,NM - Roosevelt County
1800,NM - Sandoval County
1801,NM - San Juan County
1802,NM - San Miguel County
1803,NM - Santa Fe County
1804,NM - Sierra County
1805,NM - Socorro County
1806,NM - Taos County
1807,NM - Torrance County
1808,NM - Union County
1809,"NM - Cibola County,NM - Valencia County"
1810,NY - Albany County
1811,NY - Allegany County
1812,NY - Bronx County
1813,NY - Broome County
1814,NY - Cattaraugus County
1815,NY - Cayuga County
1816,NY - Chautauqua County
1817,NY - Chemung County
1818,NY - Chenango County
1819,NY - Clinton County
1820,NY - Columbia County
1821,NY - Cortland County
1822,NY - Delaware County
1823,NY - Dutchess County
1824,NY - Erie County
1825,NY - Essex County
1826,NY - Franklin County
1827,NY - Fulton County
1828,NY - Genesee County
1829,NY - Greene County
1830,NY - Hamilton County
1831,NY - Herkimer County
1832,NY - Jefferson County
1833,NY - Kings County
1834,NY - Lewis County
1835,NY - Livingston County
1836,NY - Madison County
1837,NY - Monroe County
1838,NY - Montgomery County
1839,NY - Nassau County
1840,NY - New York County
1841,NY - Niagara County
1842,NY - Oneida County
1843,NY - Onondaga County
1844,NY - Ontario County
1845,NY - Orange County
1846,NY - Orleans County
1847,NY - Oswego County
1848,NY - Otsego County
1849,NY - Putnam County
1850,NY - Queens County
1851,NY - Rensselaer County
1852,NY - Richmond County
1853,NY - Rockland County
1854,NY - Saint Lawrence County
1855,NY - Saratoga County
1856,NY - Schenectady County
1857,NY - Schoharie County
1858,NY - Schuyler County
1859,NY - Seneca County
1860,NY - Steuben County
1861,NY - Suffolk County
1862,NY - Sullivan County
1863,NY - Tioga County
1864,NY - Tompkins County
1865,NY - Ulster County
1866,NY - Warren County
1867,NY - Washington County
1868,NY - Wayne County
1869,NY - Westchester County
1870,NY - Wyoming County
1871,NY - Yates County
1872,NC - Alamance County
1873,NC - Alexander County
1874,NC - Alleghany County
1875,NC - Anson County
1876,NC - Ashe County
1877,NC - Avery County
1878,NC - Beaufort County
1879,NC - Bertie County
1880,NC - Bladen County
1881,NC - Brunswick County
1882,NC - Buncombe County
1883,NC - Burke County
1884,NC - Cabarrus County
1885,NC - Caldwell County
1886,NC - Camden County
1887,NC - Carteret County
1888,NC - Caswell County
1889,NC - Catawba County
1890,NC - Chatham County
1891,NC - Cherokee County
1892,NC - Chowan County
1893,NC - Clay County
1894,NC - Cleveland County
1895,NC - Columbus County
1896,NC - Craven County
1897,NC - Cumberland County
1898,NC - Currituck County
1899,NC - Dare County
1900,NC - Davidson County
1901,NC - Davie County
1902,NC - Duplin County
1903,NC - Durham County
1904,NC - Edgecombe County
1905,NC - Forsyth County
1906,NC - Franklin County
1907,NC - Gaston County
1908,NC - Gates County
1909,NC - Graham County
1910,NC - Granville County
1911,NC - Greene County
1912,NC - Guilford County
1913,NC - Halifax County
1914,NC - Harnett County
1915,NC - Haywood County
1916,NC - Henderson County
1917,NC - Hertford County
1918,NC - Hoke County
1919,NC - Hyde County
1920,NC - Iredell County
1921,NC - Jackson County
1922,NC - Johnston County
1923,NC - Jones County
1924,NC - Lee County
1925,NC - Lenoir County
1926,NC - Lincoln County
1927,NC - McDowell County
1928,NC - Macon County
1929,NC - Madison County
1930,NC - Martin County
1931,NC - Mecklenburg County
1932,NC - Mitchell County
1933,NC - Montgomery County
1934,NC - Moore County
1935,NC - Nash County
1936,NC - New Hanover County
1937,NC - Northampton County
1938,NC - Onslow County
1939,NC - Orange County
1940,NC - Pamlico County
1941,NC - Pasquotank County
1942,NC - Pender County
1943,NC - Perquimans County
1944,NC - Person County
1945,NC - Pitt County
1946,NC - Polk County
1947,NC - Randolph County
1948,NC - Richmond County
1949,NC - Robeson County
1950,NC - Rockingham County
1951,NC - Rowan County
1952,NC - Rutherford County
1953,NC - Sampson County
1954,NC - Scotland County
1955,NC - Stanly County
1956,NC - Stokes County
1957,NC - Surry County
1958,NC - Swain County
1959,NC - Transylvania County
1960,NC - Tyrrell County
1961,NC - Union County
1962,NC - Vance County
1963,NC - Wake County
1964,NC - Warren County
1965,NC - Washington County
1966,NC - Watauga County
1967,NC - Wayne County
1968,NC - Wilkes County
1969,NC - Wilson County
1970,NC - Yadkin County
1971,NC - Yancey County
1972,ND - Adams County
1973,ND - Barnes County
1974,ND - Benson County
1975,ND - Billings County
1976,ND - Bottineau County
1977,ND - Bowman County
1978,ND - Burke County
1979,ND - Burleigh County
1980,ND - Cass County
1981,ND - Cavalier County
1982,ND - Dickey County
1983,ND - Divide County
1984,ND - Dunn County
1985,ND - Eddy County
1986,ND - Emmons County
1987,ND - Foster County
1988,ND - Golden Valley County
1989,ND - Grand Forks County
1990,ND - Grant County
1991,ND - Griggs County
1992,ND - Hettinger County
1993,ND - Kidder County
1994,ND - LaMoure County
1995,ND - Logan County
1996,ND - McHenry County
1997,ND - McIntosh County
1998,ND - McKenzie County
1999,ND - McLean County
2000,ND - Mercer County
2001,ND - Morton County
2002,ND - Mountrail County
2003,ND - Nelson County
2004,ND - Oliver County
2005,ND - Pembina County
2006,ND - Pierce County
2007,ND - Ramsey County
2008,ND - Ransom County
2009,ND - Renville County
2010,ND - Richland County
2011,ND - Rolette County
2012,ND - Sargent County
2013,ND - Sheridan County
2014,ND - Sioux County
2015,ND - Slope County
2016,ND - Stark County
2017,ND - Steele County
2018,ND - Stutsman County
2019,ND - Towner County
2020,ND - Traill County
2021,ND - Walsh County
2022,ND - Ward County
2023,ND - Wells County
2024,ND - Williams County
2025,OH - Adams County
2026,OH - Allen County
2027,OH - Ashland County
2028,OH - Ashtabula County
2029,OH - Athens County
2030,OH - Auglaize County
2031,OH - Belmont County
2032,OH - Brown County
2033,OH - Butler County
2034,OH - Carroll County
2035,OH - Champaign County
2036,OH - Clark County
2037,OH - Clermont County
2038,OH - Clinton County
2039,OH - Columbiana County
2040,OH - Coshocton County
2041,OH - Crawford County
2042,OH - Cuyahoga County
2043,OH - Darke County
2044,OH - Defiance County
2045,OH - Delaware County
2046,OH - Erie County
2047,OH - Fairfield County
2048,OH - Fayette County
2049,OH - Franklin County
2050,OH - Fulton County
2051,OH - Gallia County
2052,OH - Geauga County
2053,OH - Greene County
2054,OH - Guernsey County
2055,OH - Hamilton County
2056,OH - Hancock County
2057,OH - Hardin County
2058,OH - Harrison County
2059,OH - Henry County
2060,OH - Highland County
2061,OH - Hocking County
2062,OH - Holmes County
2063,OH - Huron County
2064,OH - Jackson County
2065,OH - Jefferson County
2066,OH - Knox County
2067,OH - Lake County
2068,OH - Lawrence County
2069,OH - Licking County
2070,OH - Logan County
2071,OH - Lorain County
2072,OH - Lucas County
2073,OH - Madison County
2074,OH - Mahoning County
2075,OH - Marion County
2076,OH - Medina County
2077,OH - Meigs County
2078,OH - Mercer County
2079,OH - Miami County
2080,OH - Monroe County
2081,OH - Montgomery County
2082,OH - Morgan County
2083,OH - Morrow County
2084,OH - Muskingum County
2085,OH - Noble County
2086,OH - Ottawa County
2087,OH - Paulding County
2088,OH - Perry County
2089,OH - Pickaway County
2090,OH - Pike County
2091,OH - Portage County
2092,OH - Preble County
2093,OH - Putnam County
2094,OH - Richland County
2095,OH - Ross County
2096,OH - Sandusky County
2097,OH - Scioto County
2098,OH - Seneca County
2099,OH - Shelby County
2100,OH - Stark County
2101,OH - Summit County
2102,OH - Trumbull County
2103,OH - Tuscarawas County
2104,OH - Union County
2105,OH - Van Wert County
2106,OH - Vinton County
2107,OH - Warren County
2108,OH - Washington County
2109,OH - Wayne County
2110,OH - Williams County
2111,OH - Wood County
2112,OH - Wyandot County
2113,OK - Adair County
2114,OK - Alfalfa County
2115,OK - Atoka County
2116,OK - Beaver County
2117,OK - Beckham County
2118,OK - Blaine County
2119,OK - Bryan County
2120,OK - Caddo County
2121,OK - Canadian County
2122,OK - Carter County
2123,OK - Cherokee County
2124,OK - Choctaw County
2125,OK - Cimarron County
2126,OK - Cleveland County
2127,OK - Coal County
2128,OK - Comanche County
2129,OK - Cotton County
2130,OK - Craig County
2131,OK - Creek County
2132,OK - Custer County
2133,OK - Delaware County
2134,OK - Dewey County
2135,OK - Ellis County
2136,OK - Garfield County
2137,OK - Garvin County
2138,OK - Grady County
2139,OK - Grant County
2140,OK - Greer County
2141,OK - Harmon County
2142,OK - Harper County
2143,OK - Haskell County
2144,OK - Hughes County
2145,OK - Jackson County
2146,OK - Jefferson County
2147,OK - Johnston County
2148,OK - Kay County
2149,OK - Kingfisher County
2150,OK - Kiowa County
2151,OK - Latimer County
2152,OK - Le Flore County
2153,OK - Lincoln County
2154,OK - Logan County
2155,OK - Love County
2156,OK - McClain County
2157,OK - McCurtain County
2158,OK - McIntosh County
2159,OK - Major County
2160,OK - Marshall County
2161,OK - Mayes County
2162,OK - Murray County
2163,OK - Muskogee County
2164,OK - Noble County
2165,OK - Nowata County
2166,OK - Okfuskee County
2167,OK - Oklahoma County
2168,OK - Okmulgee County
2169,OK - Osage County
2170,OK - Ottawa County
2171,OK - Pawnee County
2172,OK - Payne County
2173,OK - Pittsburg County
2174,OK - Pontotoc County
2175,OK - Pottawatomie County
2176,OK - Pushmataha County
2177,OK - Roger Mills County
2178,OK - Rogers County
2179,OK - Seminole County
2180,OK - Sequoyah County
2181,OK - Stephens County
2182,OK - Texas County
2183,OK - Tillman County
2184,OK - Tulsa County
2185,OK - Wagoner County
2186,OK - Washington County
2187,OK - Washita County
2188,OK - Woods County
2189,OK - Woodward County
2190,OR - Baker County
2191,OR - Benton County
2192,OR - Clackamas County
2193,OR - Clatsop County
2194,OR - Columbia County
2195,OR - Coos County
2196,OR - Crook County
2197,OR - Curry County
2198,OR - Deschutes County
2199,OR - Douglas County
2200,OR - Gilliam County
2201,OR - Grant County
2202,OR - Harney County
2203,OR - Hood River County
2204,OR - Jackson County
2205,OR - Jefferson County
2206,OR - Josephine County
2207,OR - Klamath County
2208,OR - Lake County
2209,OR - Lane County
2210,OR - Lincoln County
2211,OR - Linn County
2212,OR - Malheur County
2213,OR - Marion County
2214,OR - Morrow County
2215,OR - Multnomah County
2216,OR - Polk County
2217,OR - Sherman County
2218,OR - Tillamook County
2219,OR - Umatilla County
2220,OR - Union County
2221,OR - Wallowa County
2222,OR - Wasco County
2223,OR - Washington County
2224,OR - Wheeler County
2225,OR - Yamhill County
2226,PA - Adams County
2227,PA - Allegheny County
2228,PA - Armstrong County
2229,PA - Beaver County
2230,PA - Bedford County
2231,PA - Berks County
2232,PA - Blair County
2233,PA - Bradford County
2234,PA - Bucks County
2235,PA - Butler County
2236,PA - Cambria County
2237,PA - Cameron County
2238,PA - Carbon County
2239,PA - Centre County
2240,PA - Chester County
2241,PA - Clarion County
2242,PA - Clearfield County
2243,PA - Clinton County
2244,PA - Columbia County
2245,PA - Crawford County
2246,PA - Cumberland County
2247,PA - Dauphin County
2248,PA - Delaware County
2249,PA - Elk County
2250,PA - Erie County
2251,PA - Fayette County
2252,PA - Forest County
2253,PA - Franklin County
2254,PA - Fulton County
2255,PA - Greene County
2256,PA - Huntingdon County
2257,PA - Indiana County
2258,PA - Jefferson County
2259,PA - Juniata County
2260,PA - Lackawanna County
2261,PA - Lancaster County
2262,PA - Lawrence County
2263,PA - Lebanon County
2264,PA - Lehigh County
2265,PA - Luzerne County
2266,PA - Lycoming County
2267,PA - McKean County
2268,PA - Mercer County
2269,PA - Mifflin County
2270,PA - Monroe County
2271,PA - Montgomery County
2272,PA - Montour County
2273,PA - Northampton County
2274,PA - Northumberland County
2275,PA - Perry County
2276,PA - Philadelphia County
2277,PA - Pike County
2278,PA - Potter County
2279,PA - Schuylkill County
2280,PA - Snyder County
2281,PA - Somerset County
2282,PA - Sullivan County
2283,PA - Susquehanna County
2284,PA - Tioga County
2285,PA - Union County
2286,PA - Venango County
2287,PA - Warren County
2288,PA - Washington County
2289,PA - Wayne County
2290,PA - Westmoreland County
2291,PA - Wyoming County
2292,PA - York County
2293,RI - Bristol County
2294,RI - Kent County
2295,RI - Newport County
2296,RI - Providence County
2297,RI - Washington County
2298,SC - Abbeville County
2299,SC - Aiken County
2300,SC - Allendale County
2301,SC - Anderson County
2302,SC - Bamberg County
2303,SC - Barnwell County
2304,SC - Beaufort County
2305,SC - Berkeley County
2306,SC - Calhoun County
2307,SC - Charleston County
2308,SC - Cherokee County
2309,SC - Chester County
2310,SC - Chesterfield County
2311,SC - Clarendon County
2312,SC - Colleton County
2313,SC - Darlington County
2314,SC - Dillon County
2315,SC - Dorchester County
2316,SC - Edgefield County
2317,SC - Fairfield County
2318,SC - Florence County
2319,SC - Georgetown County
2320,SC - Greenville County
2321,SC - Greenwood County
2322,SC - Hampton County
2323,SC - Horry County
2324,SC - Jasper County
2325,SC - Kershaw County
2326,SC - Lancaster County
2327,SC - Laurens County
2328,SC - Lee County
2329,SC - Lexington County
2330,SC - McCormick County
2331,SC - Marion County
2332,SC - Marlboro County
2333,SC - Newberry County
2334,SC - Oconee County
2335,SC - Orangeburg County
2336,SC - Pickens County
2337,SC - Richland County
2338,SC - Saluda County
2339,SC - Spartanburg County
2340,SC - Sumter County
2341,SC - Union County
2342,SC - Williamsburg County
2343,SC - York County
2344,SD - Aurora County
2345,SD - Beadle County
2346,SD - Bennett County
2347,SD - Bon Homme County
2348,SD - Brookings County
2349,SD - Brown County
2350,SD - Brule County
2351,SD - Buffalo County
2352,SD - Butte County
2353,SD - Campbell County
2354,SD - Charles Mix County
2355,SD - Clark County
2356,SD - Clay County
2357,SD - Codington County
2358,SD - Corson County
2359,SD - Custer County
2360,SD - Davison County
2361,SD - Day County
2362,SD - Deuel County
2363,SD - Dewey County
2364,SD - Douglas County
2365,SD - Edmunds County
2366,SD - Fall River County
2367,SD - Faulk County
2368,SD - Grant County
2369,SD - Gregory County
2370,SD - Haakon County
2371,SD - Hamlin County
2372,SD - Hand County
2373,SD - Hanson County
2374,SD - Harding County
2375,SD - Hughes County
2376,SD - Hutchinson County
2377,SD - Hyde County
2378,SD - Jerauld County
2379,SD - Jones County
2380,SD - Kingsbury County
2381,SD - Lake County
2382,SD - Lawrence County
2383,SD - Lincoln County
2384,SD - Lyman County
2385,SD - McCook County
2386,SD - McPherson County
2387,SD - Marshall County
2388,SD - Meade County
2389,SD - Mellette County
2390,SD - Miner County
2391,SD - Minnehaha County
2392,SD - Moody County
2393,SD - Pennington County
2394,SD - Perkins County
2395,SD - Potter County
2396,SD - Roberts County
2397,SD - Sanborn County
2398,"SD - Oglala Lakota County,SD - Shannon County"
2399,SD - Spink County
2400,SD - Stanley County
2401,SD - Sully County
2402,SD - Todd County
2403,SD - Tripp County
2404,SD - Turner County
2405,SD - Union County
2406,SD - Walworth County
2407,SD - Yankton County
2408,SD - Ziebach County
2409,"SD - Jackson County,SD - Washabaugh County"
2410,TN - Anderson County
2411,TN - Bedford County
2412,TN - Benton County
2413,TN - Bledsoe County
2414,TN - Blount County
2415,TN - Bradley County
2416,TN - Campbell County
2417,TN - Cannon County
2418,TN - Carroll County
2419,TN - Carter County
2420,TN - Cheatham County
2421,TN - Chester County
2422,TN - Claiborne County
2423,TN - Clay County
2424,TN - Cocke County
2425,TN - Coffee County
2426,TN - Crockett County
2427,TN - Cumberland County
2428,TN - Davidson County
2429,TN - Decatur County
2430,TN - DeKalb County
2431,TN - Dickson County
2432,TN - Dyer County
2433,TN - Fayette County
2434,TN - Fentress County
2435,TN - Franklin County
2436,TN - Gibson County
2437,TN - Giles County
2438,TN - Grainger County
2439,TN - Greene County
2440,TN - Grundy County
2441,TN - Hamblen County
2442,TN - Hamilton County
2443,TN - Hancock County
2444,TN - Hardeman County
2445,TN - Hardin County
2446,TN - Hawkins County
2447,TN - Haywood County
2448,TN - Henderson County
2449,TN - Henry County
2450,TN - Hickman County
2451,TN - Houston County
2452,TN - Humphreys County
2453,TN - Jackson County
2454,TN - Jefferson County
2455,TN - Johnson County
2456,TN - Knox County
2457,TN - Lake County
2458,TN - Lauderdale County
2459,TN - Lawrence County
2460,TN - Lewis County
2461,TN - Lincoln County
2462,TN - Loudon County
2463,TN - McMinn County
2464,TN - McNairy County
2465,TN - Macon County
2466,TN - Madison County
2467,TN - Marion County
2468,TN - Marshall County
2469,TN - Maury County
2470,TN - Meigs County
2471,TN - Monroe County
2472,TN - Montgomery County
2473,TN - Moore County
2474,TN - Morgan County
2475,TN - Obion County
2476,TN - Overton County
2477,TN - Perry County
2478,TN - Pickett County
2479,TN - Polk County
2480,TN - Putnam County
2481,TN - Rhea County
2482,TN - Roane County
2483,TN - Robertson County
2484,TN - Rutherford County
2485,TN - Scott County
2486,TN - Sequatchie County
2487,TN - Sevier County
2488,TN - Shelby County
2489,TN - Smith County
2490,TN - Stewart County
2491,TN - Sullivan County
2492,TN - Sumner County
2493,TN - Tipton County
2494,TN - Trousdale County
2495,TN - Unicoi County
2496,TN - Union County
2497,TN - Van Buren County
2498,TN - Warren County
2499,TN - Washington County
2500,TN - Wayne County
2501,TN - Weakley County
2502,TN - White County
2503,TN - Williamson County
2504,TN - Wilson County
2505,TX - Anderson County
2506,TX - Andrews County
2507,TX - Angelina County
2508,TX - Aransas County
2509,TX - Archer County
2510,TX - Armstrong County
2511,TX - Atascosa County
2512,TX - Austin County
2513,TX - Bailey County
2514,TX - Bandera County
2515,TX - Bastrop County
2516,TX - Baylor County
2517,TX - Bee County
2518,TX - Bell County
2519,TX - Bexar County
2520,TX - Blanco County
2521,TX - Borden County
2522,TX - Bosque County
2523,TX - Bowie County
2524,TX - Brazoria County
2525,TX - Brazos County
2526,TX - Brewster County
2527,TX - Briscoe County
2528,TX - Brooks County
2529,TX - Brown County
2530,TX - Burleson County
2531,TX - Burnet County
2532,TX - Caldwell County
2533,TX - Calhoun County
2534,TX - Callahan County
2535,TX - Cameron County
2536,TX - Camp County
2537,TX - Carson County
2538,TX - Cass County
2539,TX - Castro County
2540,TX - Chambers County
2541,TX - Cherokee County
2542,TX - Childress County
2543,TX - Clay County
2544,TX - Cochran County
2545,TX - Coke County
2546,TX - Coleman County
2547,TX - Collin County
2548,TX - Collingsworth County
2549,TX - Colorado County
2550,TX - Comal County
2551,TX - Comanche County
2552,TX - Concho County
2553,TX - Cooke County
2554,TX - Coryell County
2555,TX - Cottle County
2556,TX - Crane County
2557,TX - Crockett County
2558,TX - Crosby County
2559,TX - Culberson County
2560,TX - Dallam County
2561,TX - Dallas County
2562,TX - Dawson County
2563,TX - Deaf Smith County
2564,TX - Delta County
2565,TX - Denton County
2566,TX - DeWitt County
2567,TX - Dickens County
2568,TX - Dimmit County
2569,TX - Donley County
2570,TX - Duval County
2571,TX - Eastland County
2572,TX - Ector County
2573,TX - Edwards County
2574,TX - Ellis County
2575,TX - El Paso County
2576,TX - Erath County
2577,TX - Falls County
2578,TX - Fannin County
2579,TX - Fayette County
2580,TX - Fisher County
2581,TX - Floyd County
2582,TX - Foard County
2583,TX - Fort Bend County
2584,TX - Franklin County
2585,TX - Freestone County
2586,TX - Frio County
2587,TX - Gaines County
2588,TX - Galveston County
2589,TX - Garza County
2590,TX - Gillespie County
2591,TX - Glasscock County
2592,TX - Goliad County
2593,TX - Gonzales County
2594,TX - Gray County
2595,TX - Grayson County
2596,TX - Gregg County
2597,TX - Grimes County
2598,TX - Guadalupe County
2599,TX - Hale County
2600,TX - Hall County
2601,TX - Hamilton County
2602,TX - Hansford County
2603,TX - Hardeman County
2604,TX - Hardin County
2605,TX - Harris County
2606,TX - Harrison County
2607,TX - Hartley County
2608,TX - Haskell County
2609,TX - Hays County
2610,TX - Hemphill County
2611,TX - Henderson County
2612,TX - Hidalgo County
2613,TX - Hill County
2614,TX - Hockley County
2615,TX - Hood County
2616,TX - Hopkins County
2617,TX - Houston County
2618,TX - Howard County
2619,TX - Hudspeth County
2620,TX - Hunt County
2621,TX - Hutchinson County
2622,TX - Irion County
2623,TX - Jack County
2624,TX - Jackson County
2625,TX - Jasper County
2626,TX - Jeff Davis County
2627,TX - Jefferson County
2628,TX - Jim Hogg County
2629,TX - Jim Wells County
2630,TX - Johnson County
2631,TX - Jones County
2632,TX - Karnes County
2633,TX - Kaufman County
2634,TX - Kendall County
2635,TX - Kenedy County
2636,TX - Kent County
2637,TX - Kerr County
2638,TX - Kimble County
2639,TX - King County
2640,TX - Kinney County
2641,TX - Kleberg County
2642,TX - Knox County
2643,TX - Lamar County
2644,TX - Lamb County
2645,TX - Lampasas County
2646,TX - La Salle County
2647,TX - Lavaca County
2648,TX - Lee County
2649,TX - Leon County
2650,TX - Liberty County
2651,TX - Limestone County
2652,TX - Lipscomb County
2653,TX - Live Oak County
2654,TX - Llano County
2655,TX - Loving County
2656,TX - Lubbock County
2657,TX - Lynn County
2658,TX - McCulloch County
2659,TX - McLennan County
2660,TX - McMullen County
2661,TX - Madison County
2662,TX - Marion County
2663,TX - Martin County
2664,TX - Mason County
2665,TX - Matagorda County
2666,TX - Maverick County
2667,TX - Medina County
2668,TX - Menard County
2669,TX - Midland County
2670,TX - Milam County
2671,TX - Mills County
2672,TX - Mitchell County
2673,TX - Montague County
2674,TX - Montgomery County
2675,TX - Moore County
2676,TX - Morris County
2677,TX - Motley County
2678,TX - Nacogdoches County
2679,TX - Navarro County
2680,TX - Newton County
2681,TX - Nolan County
2682,TX - Nueces County
2683,TX - Ochiltree County
2684,TX - Oldham County
2685,TX - Orange County
2686,TX - Palo Pinto County
2687,TX - Panola County
2688,TX - Parker County
2689,TX - Parmer County
2690,TX - Pecos County
2691,TX - Polk County
2692,TX - Potter County
2693,TX - Presidio County
2694,TX - Rains County
2695,TX - Randall County
2696,TX - Reagan County
2697,TX - Real County
2698,TX - Red River County
2699,TX - Reeves County
2700,TX - Refugio County
2701,TX - Roberts County
2702,TX - Robertson County
2703,TX - Rockwall County
2704,TX - Runnels County
2705,TX - Rusk County
2706,TX - Sabine County
2707,TX - San Augustine County
2708,TX - San Jacinto County
2709,TX - San Patricio County
2710,TX - San Saba County
2711,TX - Schleicher County
2712,TX - Scurry County
2713,TX - Shackelford County
2714,TX - Shelby County
2715,TX - Sherman County
2716,TX - Smith County
2717,TX - Somervell County
2718,TX - Starr County
2719,TX - Stephens County
2720,TX - Sterling County
2721,TX - Stonewall County
2722,TX - Sutton County
2723,TX - Swisher County
2724,TX - Tarrant County
2725,TX - Taylor County
2726,TX - Terrell County
2727,TX - Terry County
2728,TX - Throckmorton County
2729,TX - Titus County
2730,TX - Tom Green County
2731,TX - Travis County
2732,TX - Trinity County
2733,TX - Tyler County
2734,TX - Upshur County
2735,TX - Upton County
2736,TX - Uvalde County
2737,TX - Val Verde County
2738,TX - Van Zandt County
2739,TX - Victoria County
2740,TX - Walker County
2741,TX - Waller County
2742,TX - Ward County
2743,TX - Washington County
2744,TX - Webb County
2745,TX - Wharton County
2746,TX - Wheeler County
2747,TX - Wichita County
2748,TX - Wilbarger County
2749,TX - Willacy County
2750,TX - Williamson County
2751,TX - Wilson County
2752,TX - Winkler County
2753,TX - Wise County
2754,TX - Wood County
2755,TX - Yoakum County
2756,TX - Young County
2757,TX - Zapata County
2758,TX - Zavala County
2759,UT - Beaver County
2760,UT - Box Elder County
2761,UT - Cache County
2762,UT - Carbon County
2763,UT - Daggett County
2764,UT - Davis County
2765,UT - Duchesne County
2766,UT - Emery County
2767,UT - Garfield County
2768,UT - Grand County
2769,UT - Iron County
2770,UT - Juab County
2771,UT - Kane County
2772,UT - Millard County
2773,UT - Morgan County
2774,UT - Piute County
2775,UT - Rich County
2776,UT - Salt Lake County
2777,UT - San Juan County
2778,UT - Sanpete County
2779,UT - Sevier County
2780,UT - Summit County
2781,UT - Tooele County
2782,UT - Uintah County
2783,UT - Utah County
2784,UT - Wasatch County
2785,UT - Washington County
2786,UT - Wayne County
2787,UT - Weber County
2788,VT - Addison County
2789,VT - Bennington County
2790,VT - Caledonia County
2791,VT - Chittenden County
2792,VT - Essex County
2793,VT - Franklin County
2794,VT - Grand Isle County
2795,VT - Lamoille County
2796,VT - Orange County
2797,VT - Orleans County
2798,VT - Rutland County
2799,VT - Washington County
2800,VT - Windham County
2801,VT - Windsor County
2802,VA - Accomack County
2803,VA - Amelia County
2804,VA - Amherst County
2805,VA - Appomattox County
2806,VA - Arlington County
2807,VA - Bath County
2808,VA - Bland County
2809,VA - Botetourt County
2810,VA - Brunswick County
2811,VA - Buchanan County
2812,VA - Buckingham County
2813,VA - Campbell County
2814,VA - Caroline County
2815,VA - Carroll County
2816,VA - Charles City County
2817,VA - Charlotte County
2818,VA - Chesterfield County
2819,VA - Clarke County
2820,VA - Craig County
2821,VA - Culpeper County
2822,VA - Cumberland County
2823,VA - Dickenson County
2824,VA - Dinwiddie County
2825,VA - Essex County
2826,VA - Fauquier County
2827,VA - Floyd County
2828,VA - Fluvanna County
2829,VA - Franklin County
2830,VA - Frederick County
2831,VA - Giles County
2832,VA - Gloucester County
2833,VA - Goochland County
2834,VA - Grayson County
2835,VA - Greene County
2836,VA - Hanover County
2837,VA - Henrico County
2838,VA - Henry County
2839,VA - Highland County
2840,VA - Isle of Wight County
2841,VA - King and Queen County
2842,VA - King George County
2843,VA - King William County
2844,VA - Lancaster County
2845,VA - Lee County
2846,VA - Loudoun County
2847,VA - Louisa County
2848,VA - Lunenburg County
2849,VA - Madison County
2850,VA - Mathews County
2851,VA - Mecklenburg County
2852,VA - Middlesex County
2853,VA - Montgomery County
2854,VA - Nelson County
2855,VA - New Kent County
2856,VA - Northampton County
2857,VA - Northumberland County
2858,VA - Nottoway County
2859,VA - Orange County
2860,VA - Page County
2861,VA - Patrick County
2862,VA - Powhatan County
2863,VA - Prince Edward County
2864,VA - Prince George County
2865,VA - Pulaski County
2866,VA - Rappahannock County
2867,VA - Richmond County
2868,VA - Roanoke County
2869,VA - Russell County
2870,VA - Scott County
2871,VA - Shenandoah County
2872,VA - Smyth County
2873,VA - Stafford County
2874,VA - Surry County
2875,VA - Sussex County
2876,VA - Tazewell County
2877,VA - Warren County
2878,VA - Washington County
2879,VA - Westmoreland County
2880,VA - Wise County
2881,VA - Wythe County
2882,VA - Alexandria City
2883,VA - Bristol City
2884,VA - Chesapeake City
2885,VA - Colonial Heights City
2886,VA - Covington City
2887,VA - Falls Church City
2888,VA - Galax City
2889,VA - Hampton City
2890,VA - Hopewell City
2891,VA - Lexington City
2892,VA - Lynchburg City
2893,VA - Martinsville City
2894,VA - Norfolk City
2895,VA - Norton City
2896,VA - Petersburg City
2897,VA - Poquoson City
2898,VA - Portsmouth City
2899,VA - Radford City
2900,VA - Richmond City
2901,VA - Roanoke City
2902,VA - Salem City
2903,VA - Suffolk City
2904,VA - Virginia Beach City
2905,VA - Winchester City
2906,"VA - Fairfax County,VA - Fairfax City"
2907,"VA - Rockingham County,VA - Harrisonburg City"
2908,"VA - James City County,VA - Williamsburg City"
2909,"VA - Prince William County,VA - Manassas City,VA - Manassas Park City"
2910,"VA - Rockbridge County,VA - Buena Vista City"
2911,"VA - Spotsylvania County,VA - Fredericksburg City"
2912,"VA - Augusta County,VA - Staunton City,VA - Waynesboro City"
2913,"VA - Pittsylvania County,VA - Danville City"
2914,"VA - Greensville County,VA - Emporia City"
2915,"VA - Albemarle County,VA - Charlottesville City"
2916,"VA - Bedford County,VA - Bedford City"
2917,"VA - Halifax County,VA - South Boston City"
2918,"VA - Southampton County,VA - Franklin City"
2919,"VA - Alleghany County,VA - Clifton Forge City"
2920,"VA - York County,VA - Newport News City"
2921,WA - Adams County
2922,WA - Asotin County
2923,WA - Benton County
2924,WA - Chelan County
2925,WA - Clallam County
2926,WA - Clark County
2927,WA - Columbia County
2928,WA - Cowlitz County
2929,WA - Douglas County
2930,WA - Ferry County
2931,WA - Franklin County
2932,WA - Garfield County
2933,WA - Grant County
2934,WA - Grays Harbor County
2935,WA - Island County
2936,WA - Jefferson County
2937,WA - King County
2938,WA - Kitsap County
2939,WA - Kittitas County
2940,WA - Klickitat County
2941,WA - Lewis County
2942,WA - Lincoln County
2943,WA - Mason County
2944,WA - Okanogan County
2945,WA - Pacific County
2946,WA - Pend Oreille County
2947,WA - Pierce County
2948,WA - San Juan County
2949,WA - Skagit County
2950,WA - Skamania County
2951,WA - Snohomish County
2952,WA - Spokane County
2953,WA - Stevens County
2954,WA - Thurston County
2955,WA - Wahkiakum County
2956,WA - Walla Walla County
2957,WA - Whatcom County
2958,WA - Whitman County
2959,WA - Yakima County
2960,WV - Barbour County
2961,WV - Berkeley County
2962,WV - Boone County
2963,WV - Braxton County
2964,WV - Brooke County
2965,WV - Cabell County
2966,WV - Calhoun County
2967,WV - Clay County
2968,WV - Doddridge County
2969,WV - Fayette County
2970,WV - Gilmer County
2971,WV - Grant County
2972,WV - Greenbrier County
2973,WV - Hampshire County
2974,WV - Hancock County
2975,WV - Hardy County
2976,WV - Harrison County
2977,WV - Jackson County
2978,WV - Jefferson County
2979,WV - Kanawha County
2980,WV - Lewis County
2981,WV - Lincoln County
2982,WV - Logan County
2983,WV - McDowell County
2984,WV - Marion County
2985,WV - Marshall County
2986,WV - Mason County
2987,WV - Mercer County
2988,WV - Mineral County
2989,WV - Mingo County
2990,WV - Monongalia County
2991,WV - Monroe County
2992,WV - Morgan County
2993,WV - Nicholas County
2994,WV - Ohio County
2995,WV - Pendleton County
2996,WV - Pleasants County
2997,WV - Pocahontas County
2998,WV - Preston County
2999,WV - Putnam County
3000,WV - Raleigh County
3001,WV - Randolph County
3002,WV - Ritchie County
3003,WV - Roane County
3004,WV - Summers County
3005,WV - Taylor County
3006,WV - Tucker County
3007,WV - Tyler County
3008,WV - Upshur County
3009,WV - Wayne County
3010,WV - Webster County
3011,WV - Wetzel County
3012,WV - Wirt County
3013,WV - Wood County
3014,WV - Wyoming County
3015,WI - Adams County
3016,WI - Ashland County
3017,WI - Barron County
3018,WI - Bayfield County
3019,WI - Brown County
3020,WI - Buffalo County
3021,WI - Burnett County
3022,WI - Calumet County
3023,WI - Chippewa County
3024,WI - Clark County
3025,WI - Columbia County
3026,WI - Crawford County
3027,WI - Dane County
3028,WI - Dodge County
3029,WI - Door County
3030,WI - Douglas County
3031,WI - Dunn County
3032,WI - Eau Claire County
3033,WI - Florence County
3034,WI - Fond du Lac County
3035,WI - Forest County
3036,WI - Grant County
3037,WI - Green County
3038,WI - Green Lake County
3039,WI - Iowa County
3040,WI - Iron County
3041,WI - Jackson County
3042,WI - Jefferson County
3043,WI - Juneau County
3044,WI - Kenosha County
3045,WI - Kewaunee County
3046,WI - La Crosse County
3047,WI - Lafayette County
3048,WI - Langlade County
3049,WI - Lincoln County
3050,WI - Manitowoc County
3051,WI - Marathon County
3052,WI - Marinette County
3053,WI - Marquette County
3054,WI - Menominee County
3055,WI - Milwaukee County
3056,WI - Monroe County
3057,WI - Oconto County
3058,WI - Oneida County
3059,WI - Outagamie County
3060,WI - Ozaukee County
3061,WI - Pepin County
3062,WI - Pierce County
3063,WI - Polk County
3064,WI - Portage County
3065,WI - Price County
3066,WI - Racine County
3067,WI - Richland County
3068,WI - Rock County
3069,WI - Rusk County
3070,WI - Saint Croix County
3071,WI - Sauk County
3072,WI - Sawyer County
3073,WI - Shawano County
3074,WI - Sheboygan County
3075,WI - Taylor County
3076,WI - Trempealeau County
3077,WI - Vernon County
3078,WI - Vilas County
3079,WI - Walworth County
3080,WI - Washburn County
3081,WI - Washington County
3082,WI - Waukesha County
3083,WI - Waupaca County
3084,WI - Waushara County
3085,WI - Winnebago County
3086,WI - Wood County
3087,WY - Albany County
3088,WY - Big Horn County
3089,WY - Campbell County
3090,WY - Carbon County
3091,WY - Converse County
3092,WY - Crook County
3093,WY - Fremont County
3094,WY - Goshen County
3095,WY - Hot Springs County
3096,WY - Johnson County
3097,WY - Laramie County
3098,WY - Lincoln County
3099,WY - Natrona County
3100,WY - Niobrara County
3101,WY - Park County
3102,WY - Platte County
3103,WY - Sheridan County
3104,WY - Sublette County
3105,WY - Sweetwater County
3106,WY - Teton County
3107,WY - Uinta County
3108,WY - Washakie County
3109,WY - Weston County
